宝贝,价格
新款中老年女装春装雪纺打底衫妈妈装夏装中袖宽松上衣中年人t恤,99.0
中老年女装清凉两件套妈妈装夏装大码短袖T恤上衣雪纺衫裙裤套装,286.0
母亲节衣服夏季妈妈装夏装套装短袖中年人40-50岁中老年女装T恤,298.0
母亲节衣服中老年人春装女40岁50中年妈妈装套装夏装奶奶装两件套,279.0
中老年女装春夏装裤大码 中年妇女40-50岁妈妈装夏装套装七分裤,59.0
中老年女装夏装短袖T恤40-50岁中年春装30打底衫妈妈装母亲节衣服,198.0
妈妈装春夏装T恤宽松雪纺衬衫40-50岁中老年女装大码中袖上衣套装,199.0
中老年女装夏季T恤雪纺衫妈妈装夏装套装短袖中年妇女40-50岁t恤,288.0
妈妈夏装两件套母亲节衣服老人上衣60-70岁人夏季中老年女装套装,298.0
中老年女装夏装套装圆领上衣裤子夏季中年妈妈装短袖T恤两件套,189.0
母亲节衣服夏季中年女装春装套装40-50岁妈妈装外套中老年人上衣,258.0
母亲节衣服中老年人女装奶奶短袖两件套中年40岁胖妈妈装夏装套装,177.0
母亲节中老年女装短袖t恤40-50岁中年妈妈装夏装套装上衣两件套,298.0
母亲节中老年女装短袖t恤40-50岁中年妈妈装夏装雪纺两件套装,124.0
中老年女装春装真两件套长袖针织开衫外套妈妈装夏装短袖T恤上衣,138.0
母亲节衣服夏季中年女装夏装短袖40-50岁妈妈装中老年女装连衣裙,298.0
母亲节妈妈夏装套装中老年雪纺衫中年女春装阔腿裤两件套40岁衣服,318.0
中老年人女装妈妈装夏装大码短袖T恤中年妇女夏季40-50岁新款上衣,298.0
中老年人女装套装妈妈装夏装大码奶奶装40-50岁60短袖T恤70两件套,399.0
中老年女裤夏装薄款中年松紧高腰九分裤老年人宽松大码妈妈裤子女,129.0
中老年女装七分袖衬衫妈妈装夏装衬衣50岁老年人母亲节夏季衣服40,189.0
母亲节衣服夏季中老年女装夏装套装上衣40-50岁妈妈装T恤衫两件套,198.0
中老年女装半袖妈妈装春装短款打底雪纺小衫中年人夏装长袖上衣服,588.0
母亲节衣服夏季妈妈夏装中老年女装中年雪纺衫阔腿裤两件套装40岁,263.0
母亲节衣服夏季妈妈夏装上衣中年短袖t恤40-50岁中老年人女装套装,198.0
妈妈夏装套装40-50岁中年人两件套中老年女装雪纺短袖t恤上衣裤子,399.0
母亲节中老年女装春装套装妈妈装上衣+裤子中年人T恤夏装两件套装,128.0
母亲节衣服妈妈装夏装雪纺套装中老年女装40-50岁短袖修身大码T恤,396.0
妈妈装套装春夏装短袖上衣中年人大码40-50岁中老年女装T恤雪纺衫,49.0
中老年女装妈妈装夏装中年两件套装40-50岁印花套装老年人夏装t恤,108.0
母亲节衣服夏季中老年女装夏装套装中年40-50岁妈妈装短袖两件套,108.0
妈妈夏装套装40岁中老年女装春装中年连衣裙两件套母亲节衣服夏季,298.0
中老年女装夏装短袖套装中年人T恤40-50岁妈妈装两件套母亲节衣服,198.0
母亲节中老年人女装胖妈妈装夏装中年短袖50-60-70岁衣服奶奶套装,148.0
中老年女裤春秋宽松大码女装老年人松紧高腰长裤中年妈妈裤子女夏,198.0
母亲节衣服夏季套装中老年女装夏装中年40-50岁妈妈装短袖两件套,258.0
母亲节衣服妈妈装夏装套装40-50岁中年两件套中老年女装短袖雪纺,138.0
夏季薄款中老年女裤松紧腰九分裤宽松休闲裤中年妈妈裤子女老年人,119.0
中年妈妈装夏装套装中老年人女装春装上衣裤子两件套奶奶夏季短袖,558.0
中老年女装夏装套装妈妈装两件套雪纺衫中年春装T恤母亲节上衣服,236.0
母亲节中年女装春装套装40-50岁妈妈装夏装短袖t恤中老年人上衣潮,228.0
中老年女装短袖夏装雪纺袖妈妈装套装中年人上衣+裤子T恤两件套装,109.0
中老年女夏装妈妈装奶奶宽松亚麻短袖T恤上衣裤子两件套棉麻套装,198.0
妈妈装夏装套装短袖中年人大码40-50岁中老年女装T恤雪纺衫两件套,168.0
母亲节衣服中老年女装夏装新款棉麻套装妈妈装短袖上衣阔腿裤大码,198.0
中老年人女装夏装妈妈装套装短袖上衣中年七分裤子大码运动两件套,128.0
母亲节衣服妈妈装两件套短袖夏装中老年女装套装T恤40-50岁雪纺衫,168.0
中年女妈妈夏装套装短袖t恤雪纺衫中老年套装两件套女母亲节衣服,228.0
中老年人女装套装夏装妈妈装套装60-70-80岁老奶奶短袖上衣七分裤,198.0
中老年女装夏装套装加肥加大码T恤上衣妈妈装时尚短袖夏季两件套,298.0
中老年女装夏装连衣裙中年雪纺上衣妈妈装中长款40-50岁大码裙子,198.0
母亲节衣服夏季中年女装夏装2017新款上衣雪纺衫妈妈40-50岁套装,398.0
新款妈妈装连衣裙中长款短袖夏装中年妇女40-50大码气质打底裙子,168.0
妈妈夏装套装t恤中年女装春装雪纺衫+阔腿裤老年两件套新款40岁50,698.0
母亲节中老年女装40-50岁妈妈装夏装中年t恤短袖上衣衣服春装套装,109.0
母亲节衣服中老年女装春装40-50岁中年女上衣T恤妈妈装夏装打底衫,198.0
妈妈装春装大码女装雪纺连衣裙开衫女2017夏装新款中老年两件套装,326.0
母亲节上衣服夏季中年妈妈春装雪纺衫夏装短袖中老年女装大码外套,256.0
妈妈装春夏装雪纺衫大码中老年女装上衣中长袖t恤中年人打底衬衫,158.0
中老年人女装夏装短袖t恤妈妈两件套装中年夏季上衣宽松40-50岁,96.0
母亲节妈妈夏装T恤40-50岁中年女装两件套装2017新款中老年人衣服,228.0
中老年女装夏装套装棉麻两件套中年妈妈装短袖T恤 奶奶装上衣裤子,528.0
母亲节妈妈装夏装套装雪纺假两件中老年女装中年40-50两件套短袖,299.0
中老年女装夏装套装 妈妈装夏季短袖T恤大码上衣老年人宽松两件套,398.0
中老年人女装套装妈妈装夏装大码奶奶装40-50岁60短袖T恤70两件套,29.0
母亲节衣服妈妈装夏装套装短袖中年人40-50岁中老年女装T恤两件套,128.0
母亲节衣服中老年女装宽松上衣中年妈妈夏装短袖t恤40-50岁套装60,318.0
母亲节衣服妈妈夏装短袖套装中老年人女装两件套奶奶宽松大码春装,349.0
中老年女装夏装短袖t恤衫中年妇女母亲节衣服妈妈装雪纺套装上衣,99.0
中老年女装套装妈妈装夏装大码奶奶装50-6070岁棉麻短袖上衣+裤子,188.0
母亲节衣服夏季中年女装春装40-50岁60妈妈装夏装套装中老年人t恤,320.0
中老年人女装夏装套装60-70-80岁老人衣服奶奶装夏季中袖上衣裤子,318.0
妈妈夏装套装女40-50岁2017新款母亲节衣服中老年春装短袖t恤上衣,177.0
新款中老年女装夏季长袖妈妈装衬衫女T恤大码纯色夏装修身春装薄,288.0
妈妈装夏装套装40-50岁中老年女装短袖t恤运动上衣+裤子真两件套,218.0
中老年女装绵绸连衣裙40-50岁中年妈妈装短袖大码修身碎花裙子夏,138.0
中老年女装短袖T恤套装春装打底衫T恤长袖中年妈妈装上衣宽松上衣,59.9
母亲节夏季中老年宽松短袖妇女胖妈妈装上衣加肥加大码碎花T恤女,108.0
胖妈妈装夏装短袖中年女装大码夏季棉麻上衣中老年T恤母亲节衣服,298.0
中老年人女妈妈春夏装套装60-70-80岁奶奶装七分袖上衣裤子两件套,98.0
中老年女装妈妈装短袖雪纺衫大码宽松40-50岁上衣17夏装新品T恤衫,190.0
中老年女装夏装假两件短袖雪纺衫40-50岁妈妈装上衣 中年女士套装,88.0
母亲节妈妈装夏装真丝T恤中老年女装短袖上衣服中年女桑蚕丝衬衫,316.0
中老年女裤春夏季高腰妈妈裤子松紧腰大码女装九分裤宽松休闲女裤,129.0
中年妈妈装夏装两件套装中老年女装短袖雪纺衫t恤新款上衣40-50岁,116.0
女装中年连衣裙夏季妈妈装35-50岁中老年连衣裙中长款碎花裙子,100.0
新母亲节妈妈夏装短袖 中老年T恤衫宽松牛奶丝上衣圆领印花短袖,98.0
香颜妈妈装春装连衣裙中老年女装夏装两件套雪纺衫中年套装裙子,252.0
母亲节中老年女装夏装短袖40-50岁雪纺衫大码妈妈装T恤宽上衣套装,49.0
中老年女装春夏装套装短袖T恤妈妈装长袖蕾丝连衣裙40-50岁两件套,108.0
中年妈妈装夏装短袖t恤两件套装中老年女装中袖雪纺衫40-50岁上衣,116.0
母亲节衣服妈妈夏装雪纺连衣裙40岁50中年短袖中老年女装夏季裙子,306.0
母亲节衣服夏季中年女装连衣裙中长款裙子中老年妈妈装夏装40岁50,275.0
中老年女夏装上衣短袖雪纺衬衫40-50岁大码胖妈妈装T恤母亲节衣服,178.0
妈妈装春装外套 中年人40-50岁上衣中老年女装2017夏装新款两件套,398.0
母亲节中老年女装运动服套装中年妈妈春装外套40岁50衣服2017新款,368.0
母亲节衣服中年妈妈装夏装短袖套装30中老年女装春装雪纺衫40岁50,181.0
母亲节妈妈装夏装套装女40-50岁夏季衣服两件套中老年春装连衣裙,195.0
母亲节衣服夏季中老年女装夏装短袖套装雪纺衫T恤妈妈装两件套,498.0
中老年女装春装t恤纱袖针织衫40-50岁妈妈装七分袖上衣夏装打底衫,688.0
